{
  "active": true,
  "find_videos": {
    "ignore_urls": [],
    "patterns": [
      {
        "pattern": "cloudy.ec/(?:embed.php\\?id=|v/)([A-z0-9]+)",
        "url": "https://www.cloudy.ec/embed.php?id=\\1&playerPage=1"
      }
    ]
  },
  "free": true,
  "id": "cloudy",
  "name": "cloudy",
  "settings": [
    {
      "default": false,
      "enabled": true,
      "id": "black_list",
      "label": "Incluir en lista negra",
      "type": "bool",
      "visible": true
    },
    {
      "default": 0,
      "enabled": true,
      "id": "favorites_servers_list",
      "label": "Incluir en lista de favoritos",
      "lvalues": [
        "No",
        "1",
        "2",
        "3",
        "4",
        "5"
      ],
      "type": "list",
      "visible": false
    }
  ],
  "thumbnail": "https://s1.postimg.org/9e6doboo2n/cloudy1.png"
}
