{
  "active": true,
  "find_videos": {
    "ignore_urls": [],
    "patterns": [
      {
        "pattern": "((?:(?:http:\\/\\/|https:\\/\\/)filescdn\\.com\\/(?:embed-.*?\\.html|[a-zA-Z0-9]+)))",
        "url": "\\1"
      }
    ]
  },
  "free": true,
  "id": "filescdn",
  "name": "filescdn",
  "settings": [
    {
      "default": false,
      "enabled": true,
      "id": "black_list",
      "label": "Incluir en lista negra",
      "type": "bool",
      "visible": true
    },
    {
      "default": 0,
      "enabled": true,
      "id": "favorites_servers_list",
      "label": "Incluir en lista de favoritos",
      "lvalues": [
        "No",
        "1",
        "2",
        "3",
        "4",
        "5"
      ],
      "type": "list",
      "visible": false
    }
  ],
  "thumbnail": "https://s31.postimg.org/ijne6piij/filescdn.png"
}