{
  "active": true,
  "find_videos": {
    "ignore_urls": [],
    "patterns": [
      {
        "pattern": "(?s)https://youtube.googleapis.com.*?docid=([0-9a-zA-Z-_]+)",
        "url": "http://docs.google.com/get_video_info?docid=\\1"
      },
      {
        "pattern": "(?s)http://docs.google.com/get_video_info.*?docid=([0-9a-zA-Z-_]+)",
        "url": "http://docs.google.com/get_video_info?docid=\\1"
      },
      {
        "pattern": "(?s)https://(?:docs|drive).google.com/file/d/([^/]+)/preview",
        "url": "http://docs.google.com/get_video_info?docid=\\1"
      },
      {
        "pattern": "(?s)https://(lh.).googleusercontent.com/([0-9a-zA-Z-_=]+)",
        "url": "https://\\1.googleusercontent.com/\\2"
      }
    ]
  },
  "free": true,
  "id": "gvideo",
  "name": "gvideo",
  "settings": [
    {
      "default": false,
      "enabled": true,
      "id": "black_list",
      "label": "Incluir en lista negra",
      "type": "bool",
      "visible": true
    },
    {
      "default": 0,
      "enabled": true,
      "id": "favorites_servers_list",
      "label": "Incluir en lista de favoritos",
      "lvalues": [
        "No",
        "1",
        "2",
        "3",
        "4",
        "5"
      ],
      "type": "list",
      "visible": false
    }
  ],
  "thumbnail": "https://s11.postimg.org/giobzkprz/logo-google1.png"
}
