{
  "active": true,
  "find_videos": {
    "ignore_urls": [
      "http://www.mp4upload.com/embed/embed"
    ],
    "patterns": [
      {
        "pattern": "mp4upload.com/embed-([A-Za-z0-9]+)",
        "url": "http://www.mp4upload.com/embed-\\1.html"
      }
    ]
  },
  "free": true,
  "id": "mp4upload",
  "name": "mp4upload",
  "settings": [
    {
      "default": false,
      "enabled": true,
      "id": "black_list",
      "label": "Incluir en lista negra",
      "type": "bool",
      "visible": true
    },
    {
      "default": 0,
      "enabled": true,
      "id": "favorites_servers_list",
      "label": "Incluir en lista de favoritos",
      "lvalues": [
        "No",
        "1",
        "2",
        "3",
        "4",
        "5"
      ],
      "type": "list",
      "visible": false
    }
  ]
}