{
  "active": true,
  "find_videos": {
    "ignore_urls": [],
    "patterns": [
      {
        "pattern": "(?:www.)?ok.../(?:videoembed|video)/(\\d+)",
        "url": "http://ok.ru/videoembed/\\1"
      }
    ]
  },
  "free": true,
  "id": {
    "value": [
      "okru",
      "ok.ru"
    ]
  },
  "name": "okru",
  "settings": [
    {
      "default": false,
      "enabled": true,
      "id": "black_list",
      "label": "Incluir en lista negra",
      "type": "bool",
      "visible": true
    },
    {
      "default": 0,
      "enabled": true,
      "id": "favorites_servers_list",
      "label": "Incluir en lista de favoritos",
      "lvalues": [
        "No",
        "1",
        "2",
        "3",
        "4",
        "5"
      ],
      "type": "list",
      "visible": false
    }
  ],
  "thumbnail": "server_okru.png"
}
