{
  "active": true,
  "find_videos": {
    "ignore_urls": [],
    "patterns": [
      {
        "pattern": "rutube.ru\\/(?:video\\/([\\da-zA-Z]{32})|play\\/embed\\/([\\d]+))",
        "url": "http://rutube.ru/api/play/options/\\1/?format=json"
      }
    ]
  },
  "free": true,
  "id": "rutube",
  "name": "rutube",
  "premium": [
    "realdebrid"
  ],
  "settings": [
    {
      "default": false,
      "enabled": true,
      "id": "black_list",
      "label": "Incluir en lista negra",
      "type": "bool",
      "visible": true
    },
    {
      "default": 0,
      "enabled": true,
      "id": "favorites_servers_list",
      "label": "Incluir en lista de favoritos",
      "lvalues": [
        "No",
        "1",
        "2",
        "3",
        "4",
        "5"
      ],
      "type": "list",
      "visible": false
    }
  ],
  "thumbnail": "server_rutube.png"
}