{
  "active": true,
  "find_videos": {
    "ignore_urls": [],
    "patterns": [
      {
        "pattern": "(http://(?:www.)?tu.tv[^\"]+)",
        "url": "\\1"
      },
      {
        "pattern": "tu.tv/(iframe/\\d+)",
        "url": "http://tu.tv/\\1"
      }
    ]
  },
  "free": true,
  "id": "tutv",
  "name": "tutv",
  "settings": [
    {
      "default": false,
      "enabled": true,
      "id": "black_list",
      "label": "Incluir en lista negra",
      "type": "bool",
      "visible": true
    },
    {
      "default": 0,
      "enabled": true,
      "id": "favorites_servers_list",
      "label": "Incluir en lista de favoritos",
      "lvalues": [
        "No",
        "1",
        "2",
        "3",
        "4",
        "5"
      ],
      "type": "list",
      "visible": false
    }
  ]
}