{
  "active": true,
  "find_videos": {
    "ignore_urls": [],
    "patterns": [
      {
        "pattern": "(https?://(?:www.)?videowood.tv/)(?:embed|video)(/[0-9a-z]+)",
        "url": "\\1embed\\2"
      }
    ]
  },
  "free": true,
  "id": "videowood",
  "name": "videowood",
  "settings": [
    {
      "default": false,
      "enabled": true,
      "id": "black_list",
      "label": "Incluir en lista negra",
      "type": "bool",
      "visible": true
    },
    {
      "default": 0,
      "enabled": true,
      "id": "favorites_servers_list",
      "label": "Incluir en lista de favoritos",
      "lvalues": [
        "No",
        "1",
        "2",
        "3",
        "4",
        "5"
      ],
      "type": "list",
      "visible": false
    }
  ]
}