{
  "active": true,
  "find_videos": {
    "ignore_urls": [],
    "patterns": [
      {
        "pattern": "vidgot.com/(?:embed-|)([A-z0-9]+)",
        "url": "http://www.vidgot.com/embed-\\1.html"
      }
    ]
  },
  "free": true,
  "id": "vidgot",
  "name": "vidgot",
  "settings": [
    {
      "default": false,
      "enabled": true,
      "id": "black_list",
      "label": "Incluir en lista negra",
      "type": "bool",
      "visible": true
    },
    {
      "default": 0,
      "enabled": true,
      "id": "favorites_servers_list",
      "label": "Incluir en lista de favoritos",
      "lvalues": [
        "No",
        "1",
        "2",
        "3",
        "4",
        "5"
      ],
      "type": "list",
      "visible": false
    }
  ],
  "thumbnail": "http://i.imgur.com/tAI34bF.png?1"
}